order_id,customer_id,order_date,currency,net_amount,status
O0000001,C00084,2025-01-07T00:00:00,CHF,4996.45,open
O0000002,C00097,2025-01-12T00:00:00,CHF,4251.04,released
O0000003,C00063,2025-02-22T00:00:00,CHF,2432.72,shipped
O0000004,C00008,2025-04-26T00:00:00,CHF,864.95,open
O0000005,C00034,2025-02-19T00:00:00,CHF,4636.26,shipped
O0000006,C00055,2025-02-06T00:00:00,CHF,3498.13,shipped
O0000007,C00025,2025-01-20T00:00:00,CHF,1518.7,open
O0000008,C00095,2025-03-16T00:00:00,CHF,2733.87,invoiced
O0000009,C00007,2025-01-08T00:00:00,CHF,2941.68,released
O0000010,C00066,2025-01-08T00:00:00,CHF,446.55,released
O0000011,C00077,2025-01-09T00:00:00,CHF,386.41,released
O0000012,C00016,2025-02-21T00:00:00,CHF,4710.9,released
O0000013,C00077,2025-03-16T00:00:00,CHF,246.72,open
O0000014,C00085,2025-02-23T00:00:00,CHF,2939.18,invoiced
O0000015,C00034,2025-04-30T00:00:00,CHF,1061.08,invoiced
O0000016,C00034,2025-01-31T00:00:00,CHF,2009.14,invoiced
O0000017,C00041,2025-02-28T00:00:00,CHF,4648.64,open
O0000018,C00059,2025-01-02T00:00:00,CHF,3124.74,open
O0000019,C00069,2025-01-10T00:00:00,CHF,1105.11,invoiced
O0000020,C00045,2025-01-17T00:00:00,CHF,4410.28,released
O0000021,C00037,2025-02-17T00:00:00,CHF,830.85,invoiced
O0000022,C00084,2025-03-20T00:00:00,CHF,2668.26,invoiced
O0000023,C00085,2025-04-30T00:00:00,CHF,562.75,released
O0000024,C00015,2025-02-03T00:00:00,CHF,4454.08,released
O0000025,C00037,2025-02-04T00:00:00,CHF,3043.91,invoiced
O0000026,C00088,2025-01-27T00:00:00,CHF,3189.48,invoiced
O0000027,C00063,2025-03-06T00:00:00,CHF,1293.05,open
O0000028,C00082,2025-01-12T00:00:00,CHF,2146.7,invoiced
O0000029,C00001,2025-01-06T00:00:00,CHF,1701.1,released
O0000030,C00034,2025-03-23T00:00:00,CHF,849.83,shipped
O0000031,C00091,2025-03-12T00:00:00,CHF,2167.05,open
O0000032,C00010,2025-01-15T00:00:00,CHF,4728.0,released
O0000033,C00005,2025-03-11T00:00:00,CHF,4181.25,released
O0000034,C00017,2025-02-25T00:00:00,CHF,257.05,invoiced
O0000035,C00006,2025-04-26T00:00:00,CHF,4499.68,released
O0000036,C00032,2025-03-29T00:00:00,CHF,3351.32,invoiced
O0000037,C00072,2025-04-10T00:00:00,CHF,4426.47,shipped
O0000038,C00096,2025-03-21T00:00:00,CHF,815.04,released
O0000039,C00021,2025-04-21T00:00:00,CHF,4882.22,released
O0000040,C00053,2025-04-23T00:00:00,CHF,172.69,invoiced
O0000041,C00053,2025-04-11T00:00:00,CHF,4021.06,released
O0000042,C00021,2025-02-04T00:00:00,CHF,3947.5,open
O0000043,C00005,2025-02-18T00:00:00,CHF,4300.04,released
O0000044,C00059,2025-01-26T00:00:00,CHF,1780.81,released
O0000045,C00004,2025-01-29T00:00:00,CHF,3317.16,shipped
O0000046,C00036,2025-02-12T00:00:00,CHF,4328.55,invoiced
O0000047,C00083,2025-02-14T00:00:00,CHF,2571.56,invoiced
O0000048,C00004,2025-05-01T00:00:00,CHF,620.94,invoiced
O0000049,C00075,2025-01-23T00:00:00,CHF,4814.54,invoiced
O0000050,C00014,2025-01-05T00:00:00,CHF,3003.03,invoiced
O0000051,C00041,2025-04-04T00:00:00,CHF,2210.15,open
O0000052,C00074,2025-02-19T00:00:00,CHF,990.89,open
O0000053,C00056,2025-04-01T00:00:00,CHF,58.37,released
O0000054,C00056,2025-02-16T00:00:00,CHF,396.37,invoiced
O0000055,C00041,2025-03-21T00:00:00,CHF,3333.77,open
O0000056,C00039,2025-04-03T00:00:00,CHF,2560.26,shipped
O0000057,C00052,2025-02-11T00:00:00,CHF,3501.18,released
O0000058,C00054,2025-01-25T00:00:00,CHF,3341.4,shipped
O0000059,C00096,2025-03-28T00:00:00,CHF,4518.89,invoiced
O0000060,C00071,2025-02-21T00:00:00,CHF,4176.94,invoiced
O0000061,C00027,2025-02-06T00:00:00,CHF,2177.95,invoiced
O0000062,C00057,2025-03-01T00:00:00,CHF,2238.69,released
O0000063,C00061,2025-03-07T00:00:00,CHF,3978.99,released
O0000064,C00011,2025-03-26T00:00:00,CHF,1454.74,invoiced
O0000065,C00097,2025-01-12T00:00:00,CHF,1212.6,invoiced
O0000066,C00026,2025-01-29T00:00:00,CHF,779.4,open
O0000067,C00061,2025-02-01T00:00:00,CHF,3075.81,open
O0000068,C00054,2025-02-28T00:00:00,CHF,4436.38,released
O0000069,C00090,2025-04-02T00:00:00,CHF,1950.69,shipped
O0000070,C00019,2025-02-01T00:00:00,CHF,3297.49,open
O0000071,C00097,2025-04-25T00:00:00,CHF,4309.18,open
O0000072,C00055,2025-04-10T00:00:00,CHF,1133.26,shipped
O0000073,C00072,2025-01-07T00:00:00,CHF,1283.53,open
O0000074,C00018,2025-02-28T00:00:00,CHF,4017.01,invoiced
O0000075,C00057,2025-04-07T00:00:00,CHF,3082.63,shipped
O0000076,C00071,2025-04-17T00:00:00,CHF,2257.27,released
O0000077,C00061,2025-04-06T00:00:00,CHF,2277.85,released
O0000078,C00082,2025-04-18T00:00:00,CHF,1422.69,shipped
O0000079,C00031,2025-03-22T00:00:00,CHF,1409.26,open
O0000080,C00037,2025-04-02T00:00:00,CHF,1210.74,invoiced
O0000081,C00070,2025-02-10T00:00:00,CHF,448.86,released
O0000082,C00050,2025-01-30T00:00:00,CHF,3485.05,released
O0000083,C00054,2025-01-09T00:00:00,CHF,2067.62,shipped
O0000084,C00008,2025-02-23T00:00:00,CHF,1073.83,shipped
O0000085,C00099,2025-02-19T00:00:00,CHF,2941.19,open
O0000086,C00098,2025-04-20T00:00:00,CHF,2899.67,shipped
O0000087,C00046,2025-01-01T00:00:00,CHF,1528.13,shipped
O0000088,C00054,2025-04-20T00:00:00,CHF,2714.19,released
O0000089,C00029,2025-03-04T00:00:00,CHF,1401.03,shipped
O0000090,C00050,2025-01-04T00:00:00,CHF,1713.84,shipped
O0000091,C00022,2025-04-03T00:00:00,CHF,4210.5,released
O0000092,C00069,2025-03-21T00:00:00,CHF,183.48,shipped
O0000093,C00073,2025-03-17T00:00:00,CHF,3331.85,open
O0000094,C00055,2025-03-24T00:00:00,CHF,721.71,shipped
O0000095,C00007,2025-01-24T00:00:00,CHF,1337.77,invoiced
O0000096,C00059,2025-01-28T00:00:00,CHF,1667.89,shipped
O0000097,C00097,2025-02-05T00:00:00,CHF,4758.46,shipped
O0000098,C00011,2025-02-02T00:00:00,CHF,2378.02,open
O0000099,C00029,2025-02-14T00:00:00,CHF,3268.21,open
O0000100,C00004,2025-04-07T00:00:00,CHF,4750.58,released
O0000101,C00003,2025-04-18T00:00:00,CHF,3125.61,released
O0000102,C00061,2025-01-17T00:00:00,CHF,3363.82,released
O0000103,C00090,2025-03-01T00:00:00,CHF,1318.41,invoiced
O0000104,C00078,2025-01-22T00:00:00,CHF,3055.88,open
O0000105,C00021,2025-04-10T00:00:00,CHF,4825.37,open
O0000106,C00004,2025-03-16T00:00:00,CHF,4647.99,shipped
O0000107,C00092,2025-02-20T00:00:00,CHF,1031.73,released
O0000108,C00090,2025-01-14T00:00:00,CHF,3873.78,open
O0000109,C00073,2025-04-12T00:00:00,CHF,3924.04,invoiced
O0000110,C00055,2025-03-10T00:00:00,CHF,3324.53,open
O0000111,C00083,2025-03-06T00:00:00,CHF,1739.09,shipped
O0000112,C00063,2025-04-16T00:00:00,CHF,572.42,invoiced
O0000113,C00059,2025-03-23T00:00:00,CHF,3551.18,shipped
O0000114,C00094,2025-01-23T00:00:00,CHF,2632.65,invoiced
O0000115,C00069,2025-03-20T00:00:00,CHF,3884.48,shipped
O0000116,C00094,2025-02-25T00:00:00,CHF,2982.75,invoiced
O0000117,C00032,2025-04-20T00:00:00,CHF,4162.12,open
O0000118,C00058,2025-02-05T00:00:00,CHF,1257.12,shipped
O0000119,C00079,2025-03-14T00:00:00,CHF,3357.53,invoiced
O0000120,C00064,2025-01-04T00:00:00,CHF,4262.22,released
O0000121,C00028,2025-03-04T00:00:00,CHF,1806.38,invoiced
O0000122,C00036,2025-02-13T00:00:00,CHF,4407.58,invoiced
O0000123,C00002,2025-03-13T00:00:00,CHF,2607.3,released
O0000124,C00031,2025-01-11T00:00:00,CHF,3614.37,shipped
O0000125,C00098,2025-03-13T00:00:00,CHF,1239.6,shipped
O0000126,C00092,2025-03-24T00:00:00,CHF,2479.57,open
O0000127,C00038,2025-01-12T00:00:00,CHF,1146.9,released
O0000128,C00085,2025-02-09T00:00:00,CHF,2928.7,shipped
O0000129,C00068,2025-03-12T00:00:00,CHF,1751.6,invoiced
O0000130,C00090,2025-02-15T00:00:00,CHF,2296.04,invoiced
O0000131,C00030,2025-02-02T00:00:00,CHF,647.25,released
O0000132,C00016,2025-02-10T00:00:00,CHF,3727.26,released
O0000133,C00028,2025-01-25T00:00:00,CHF,3706.09,invoiced
O0000134,C00076,2025-04-03T00:00:00,CHF,4884.2,invoiced
O0000135,C00025,2025-01-13T00:00:00,CHF,1516.42,invoiced
O0000136,C00039,2025-01-23T00:00:00,CHF,120.03,released
O0000137,C00006,2025-02-05T00:00:00,CHF,4872.76,invoiced
O0000138,C00017,2025-03-31T00:00:00,CHF,3207.45,shipped
O0000139,C00002,2025-01-14T00:00:00,CHF,2891.62,shipped
O0000140,C00057,2025-03-03T00:00:00,CHF,1736.49,open
O0000141,C00062,2025-02-02T00:00:00,CHF,614.73,open
O0000142,C00063,2025-02-21T00:00:00,CHF,416.71,open
O0000143,C00020,2025-01-20T00:00:00,CHF,4065.15,invoiced
O0000144,C00032,2025-01-11T00:00:00,CHF,636.34,shipped
O0000145,C00077,2025-03-19T00:00:00,CHF,3964.17,released
O0000146,C00067,2025-04-10T00:00:00,CHF,1932.87,shipped
O0000147,C00076,2025-02-08T00:00:00,CHF,4950.65,invoiced
O0000148,C00080,2025-03-14T00:00:00,CHF,348.14,open
O0000149,C00027,2025-04-08T00:00:00,CHF,3146.3,invoiced
O0000150,C00011,2025-03-26T00:00:00,CHF,827.43,released
O0000151,C00010,2025-03-12T00:00:00,CHF,824.84,shipped
O0000152,C00089,2025-02-27T00:00:00,CHF,2989.37,invoiced
O0000153,C00030,2025-01-05T00:00:00,CHF,1476.12,invoiced
O0000154,C00059,2025-03-31T00:00:00,CHF,402.34,released
O0000155,C00034,2025-04-29T00:00:00,CHF,3949.75,released
O0000156,C00015,2025-02-24T00:00:00,CHF,2745.58,released
O0000157,C00035,2025-04-27T00:00:00,CHF,4141.82,open
O0000158,C00022,2025-01-08T00:00:00,CHF,3973.51,invoiced
O0000159,C00016,2025-02-26T00:00:00,CHF,2370.05,invoiced
O0000160,C00052,2025-03-31T00:00:00,CHF,4716.25,shipped
O0000161,C00011,2025-02-26T00:00:00,CHF,3010.28,shipped
O0000162,C00042,2025-04-05T00:00:00,CHF,3038.38,open
O0000163,C00030,2025-01-12T00:00:00,CHF,4811.46,open
O0000164,C00087,2025-04-08T00:00:00,CHF,4116.04,open
O0000165,C00097,2025-04-08T00:00:00,CHF,917.19,shipped
O0000166,C00036,2025-04-28T00:00:00,CHF,948.37,shipped
O0000167,C00063,2025-03-23T00:00:00,CHF,4846.82,shipped
O0000168,C00053,2025-02-14T00:00:00,CHF,1699.88,open
O0000169,C00021,2025-04-20T00:00:00,CHF,1682.53,shipped
O0000170,C00085,2025-02-06T00:00:00,CHF,4728.71,open
O0000171,C00012,2025-02-28T00:00:00,CHF,1606.86,invoiced
O0000172,C00099,2025-01-15T00:00:00,CHF,2050.67,open
O0000173,C00070,2025-03-26T00:00:00,CHF,2336.78,open
O0000174,C00067,2025-01-25T00:00:00,CHF,1840.81,shipped
O0000175,C00057,2025-03-22T00:00:00,CHF,3811.95,released
O0000176,C00071,2025-02-04T00:00:00,CHF,698.52,invoiced
O0000177,C00090,2025-02-26T00:00:00,CHF,2449.32,open
O0000178,C00078,2025-03-22T00:00:00,CHF,4006.6,released
O0000179,C00071,2025-02-09T00:00:00,CHF,117.69,shipped
O0000180,C00029,2025-01-12T00:00:00,CHF,4961.67,open
O0000181,C00016,2025-03-01T00:00:00,CHF,3256.16,released
O0000182,C00092,2025-03-05T00:00:00,CHF,1494.71,invoiced
O0000183,C00062,2025-02-23T00:00:00,CHF,4902.21,released
O0000184,C00071,2025-02-28T00:00:00,CHF,765.98,released
O0000185,C00077,2025-04-28T00:00:00,CHF,2565.79,released
O0000186,C00009,2025-04-21T00:00:00,CHF,1417.42,shipped
O0000187,C00065,2025-02-13T00:00:00,CHF,1372.5,open
O0000188,C00093,2025-02-06T00:00:00,CHF,1527.85,shipped
O0000189,C00020,2025-04-21T00:00:00,CHF,2260.41,shipped
O0000190,C00043,2025-02-14T00:00:00,CHF,2781.99,shipped
O0000191,C00042,2025-02-28T00:00:00,CHF,4354.53,released
O0000192,C00050,2025-03-15T00:00:00,CHF,1206.13,shipped
O0000193,C00041,2025-01-06T00:00:00,CHF,3736.29,shipped
O0000194,C00085,2025-02-19T00:00:00,CHF,3972.35,released
O0000195,C00005,2025-03-05T00:00:00,CHF,674.92,invoiced
O0000196,C00013,2025-04-22T00:00:00,CHF,4377.24,shipped
O0000197,C00068,2025-01-13T00:00:00,CHF,4556.69,open
O0000198,C00019,2025-04-03T00:00:00,CHF,2079.39,released
O0000199,C00061,2025-01-10T00:00:00,CHF,3918.55,invoiced
O0000200,C00080,2025-02-13T00:00:00,CHF,3478.89,open
O0000201,C00043,2025-04-20T00:00:00,CHF,4269.09,shipped
O0000202,C00081,2025-02-10T00:00:00,CHF,3607.65,shipped
O0000203,C00070,2025-04-22T00:00:00,CHF,227.7,open
O0000204,C00081,2025-01-31T00:00:00,CHF,3437.78,invoiced
O0000205,C00096,2025-01-30T00:00:00,CHF,497.38,open
O0000206,C00082,2025-04-08T00:00:00,CHF,3534.26,open
O0000207,C00022,2025-02-26T00:00:00,CHF,3485.31,open
O0000208,C00042,2025-01-06T00:00:00,CHF,3990.91,invoiced
O0000209,C00048,2025-02-15T00:00:00,CHF,2181.9,released
O0000210,C00053,2025-03-09T00:00:00,CHF,2851.34,released
O0000211,C00023,2025-01-22T00:00:00,CHF,440.89,shipped
O0000212,C00088,2025-03-21T00:00:00,CHF,1242.11,released
O0000213,C00060,2025-01-30T00:00:00,CHF,3207.63,shipped
O0000214,C00086,2025-02-02T00:00:00,CHF,96.52,shipped
O0000215,C00037,2025-04-26T00:00:00,CHF,3404.17,released
O0000216,C00057,2025-01-10T00:00:00,CHF,4728.92,invoiced
O0000217,C00055,2025-03-23T00:00:00,CHF,3467.05,shipped
O0000218,C00039,2025-04-19T00:00:00,CHF,1036.12,shipped
O0000219,C00062,2025-04-20T00:00:00,CHF,577.93,shipped
O0000220,C00046,2025-03-15T00:00:00,CHF,2895.32,invoiced
O0000221,C00085,2025-01-03T00:00:00,CHF,2009.24,open
O0000222,C00088,2025-03-14T00:00:00,CHF,3902.64,open
O0000223,C00078,2025-04-27T00:00:00,CHF,3738.6,invoiced
O0000224,C00030,2025-04-10T00:00:00,CHF,3054.97,invoiced
O0000225,C00082,2025-01-29T00:00:00,CHF,991.15,invoiced
O0000226,C00097,2025-03-28T00:00:00,CHF,3618.6,released
O0000227,C00013,2025-03-22T00:00:00,CHF,4521.85,open
O0000228,C00057,2025-02-09T00:00:00,CHF,215.15,invoiced
O0000229,C00017,2025-04-04T00:00:00,CHF,496.16,invoiced
O0000230,C00096,2025-02-11T00:00:00,CHF,2106.74,released
O0000231,C00070,2025-01-17T00:00:00,CHF,4388.48,invoiced
O0000232,C00065,2025-03-09T00:00:00,CHF,4571.76,released
O0000233,C00062,2025-02-02T00:00:00,CHF,4838.55,invoiced
O0000234,C00044,2025-04-06T00:00:00,CHF,4030.95,shipped
O0000235,C00019,2025-01-10T00:00:00,CHF,3783.05,released
O0000236,C00087,2025-04-21T00:00:00,CHF,3634.87,shipped
O0000237,C00072,2025-04-19T00:00:00,CHF,1860.59,shipped
O0000238,C00034,2025-01-02T00:00:00,CHF,2706.03,shipped
O0000239,C00087,2025-02-17T00:00:00,CHF,3757.61,invoiced
O0000240,C00049,2025-03-16T00:00:00,CHF,4120.97,invoiced
O0000241,C00087,2025-01-14T00:00:00,CHF,1207.42,open
O0000242,C00072,2025-03-21T00:00:00,CHF,1673.63,released
O0000243,C00009,2025-03-24T00:00:00,CHF,3195.25,shipped
O0000244,C00090,2025-04-27T00:00:00,CHF,1545.84,shipped
O0000245,C00018,2025-01-15T00:00:00,CHF,274.47,open
O0000246,C00064,2025-02-08T00:00:00,CHF,624.8,released
O0000247,C00069,2025-04-24T00:00:00,CHF,721.54,shipped
O0000248,C00086,2025-02-17T00:00:00,CHF,4749.43,shipped
O0000249,C00096,2025-03-17T00:00:00,CHF,3646.67,shipped
O0000250,C00013,2025-03-25T00:00:00,CHF,4176.78,shipped
O0000251,C00036,2025-05-01T00:00:00,CHF,211.95,invoiced
O0000252,C00057,2025-01-28T00:00:00,CHF,2251.24,released
O0000253,C00047,2025-04-20T00:00:00,CHF,541.81,invoiced
O0000254,C00083,2025-03-11T00:00:00,CHF,1825.44,shipped
O0000255,C00025,2025-02-05T00:00:00,CHF,4842.62,shipped
O0000256,C00085,2025-01-12T00:00:00,CHF,1099.92,open
O0000257,C00043,2025-01-07T00:00:00,CHF,1255.67,released
O0000258,C00073,2025-04-11T00:00:00,CHF,1065.77,released
O0000259,C00028,2025-03-17T00:00:00,CHF,4074.61,released
O0000260,C00100,2025-02-12T00:00:00,CHF,780.39,open
O0000261,C00019,2025-02-05T00:00:00,CHF,4938.26,invoiced
O0000262,C00023,2025-04-13T00:00:00,CHF,594.14,open
O0000263,C00002,2025-01-17T00:00:00,CHF,1823.3,released
O0000264,C00042,2025-03-17T00:00:00,CHF,128.12,invoiced
O0000265,C00017,2025-01-07T00:00:00,CHF,3721.5,open
O0000266,C00009,2025-04-06T00:00:00,CHF,2407.42,invoiced
O0000267,C00076,2025-03-07T00:00:00,CHF,589.82,released
O0000268,C00006,2025-03-20T00:00:00,CHF,3649.85,invoiced
O0000269,C00083,2025-02-28T00:00:00,CHF,4821.93,open
O0000270,C00052,2025-03-03T00:00:00,CHF,2160.05,open
O0000271,C00092,2025-03-04T00:00:00,CHF,4553.02,open
O0000272,C00011,2025-04-26T00:00:00,CHF,1644.45,released
O0000273,C00017,2025-01-09T00:00:00,CHF,1411.33,invoiced
O0000274,C00077,2025-02-18T00:00:00,CHF,2676.26,shipped
O0000275,C00078,2025-03-06T00:00:00,CHF,2179.49,open
O0000276,C00084,2025-04-20T00:00:00,CHF,3272.04,released
O0000277,C00058,2025-02-25T00:00:00,CHF,4446.05,shipped
O0000278,C00059,2025-02-13T00:00:00,CHF,2023.71,open
O0000279,C00055,2025-02-10T00:00:00,CHF,1596.99,invoiced
O0000280,C00020,2025-02-17T00:00:00,CHF,3449.76,shipped
O0000281,C00012,2025-01-09T00:00:00,CHF,4167.27,open
O0000282,C00013,2025-02-25T00:00:00,CHF,3735.72,invoiced
O0000283,C00017,2025-04-14T00:00:00,CHF,2804.04,invoiced
O0000284,C00016,2025-03-27T00:00:00,CHF,2083.5,shipped
O0000285,C00093,2025-04-22T00:00:00,CHF,304.66,invoiced
O0000286,C00040,2025-03-18T00:00:00,CHF,1790.65,released
O0000287,C00085,2025-01-20T00:00:00,CHF,2436.84,open
O0000288,C00072,2025-02-14T00:00:00,CHF,1869.43,invoiced
O0000289,C00029,2025-03-15T00:00:00,CHF,4045.75,open
O0000290,C00085,2025-03-19T00:00:00,CHF,4155.83,invoiced
O0000291,C00024,2025-01-04T00:00:00,CHF,1402.69,invoiced
O0000292,C00044,2025-04-28T00:00:00,CHF,1787.57,released
O0000293,C00019,2025-04-22T00:00:00,CHF,2853.29,shipped
O0000294,C00019,2025-01-09T00:00:00,CHF,3717.8,open
O0000295,C00096,2025-01-12T00:00:00,CHF,2675.89,shipped
O0000296,C00059,2025-02-23T00:00:00,CHF,1737.44,invoiced
O0000297,C00093,2025-02-09T00:00:00,CHF,1655.7,open
O0000298,C00007,2025-04-24T00:00:00,CHF,820.12,open
O0000299,C00011,2025-03-28T00:00:00,CHF,1396.91,shipped
O0000300,C00078,2025-03-04T00:00:00,CHF,2238.12,invoiced
O0000301,C00097,2025-01-28T00:00:00,CHF,2586.11,invoiced
O0000302,C00015,2025-02-25T00:00:00,CHF,1452.07,shipped
O0000303,C00086,2025-03-09T00:00:00,CHF,1576.68,released
O0000304,C00077,2025-02-20T00:00:00,CHF,321.17,released
O0000305,C00028,2025-02-08T00:00:00,CHF,3848.38,invoiced
O0000306,C00042,2025-02-07T00:00:00,CHF,643.92,shipped
O0000307,C00056,2025-04-06T00:00:00,CHF,919.69,shipped
O0000308,C00091,2025-03-10T00:00:00,CHF,1189.05,invoiced
O0000309,C00051,2025-01-10T00:00:00,CHF,4315.73,open
O0000310,C00003,2025-02-25T00:00:00,CHF,2325.78,open
O0000311,C00041,2025-04-21T00:00:00,CHF,2900.01,shipped
O0000312,C00082,2025-04-01T00:00:00,CHF,2117.59,open
O0000313,C00003,2025-02-21T00:00:00,CHF,4832.69,released
O0000314,C00080,2025-04-13T00:00:00,CHF,2327.48,invoiced
O0000315,C00056,2025-01-12T00:00:00,CHF,4230.2,released
O0000316,C00076,2025-02-25T00:00:00,CHF,2032.23,open
O0000317,C00040,2025-02-20T00:00:00,CHF,3741.73,released
O0000318,C00100,2025-02-12T00:00:00,CHF,882.26,open
O0000319,C00066,2025-03-09T00:00:00,CHF,1009.82,invoiced
O0000320,C00094,2025-02-14T00:00:00,CHF,4793.21,released
O0000321,C00014,2025-01-31T00:00:00,CHF,774.9,released
O0000322,C00078,2025-01-23T00:00:00,CHF,806.71,open
O0000323,C00099,2025-01-23T00:00:00,CHF,3158.35,shipped
O0000324,C00073,2025-04-07T00:00:00,CHF,3811.39,shipped
O0000325,C00073,2025-03-29T00:00:00,CHF,3232.81,invoiced
O0000326,C00081,2025-04-21T00:00:00,CHF,1614.89,shipped
O0000327,C00061,2025-01-09T00:00:00,CHF,2238.93,invoiced
O0000328,C00036,2025-04-12T00:00:00,CHF,2977.53,invoiced
O0000329,C00010,2025-03-06T00:00:00,CHF,1586.52,shipped
O0000330,C00008,2025-01-05T00:00:00,CHF,1875.25,invoiced
O0000331,C00083,2025-01-10T00:00:00,CHF,4328.04,open
O0000332,C00077,2025-03-20T00:00:00,CHF,2559.99,shipped
O0000333,C00071,2025-03-16T00:00:00,CHF,4773.45,open
O0000334,C00074,2025-02-27T00:00:00,CHF,3276.6,invoiced
O0000335,C00061,2025-03-19T00:00:00,CHF,2531.77,open
O0000336,C00014,2025-02-27T00:00:00,CHF,4064.29,invoiced
O0000337,C00011,2025-04-02T00:00:00,CHF,2547.52,released
O0000338,C00032,2025-01-06T00:00:00,CHF,3552.73,shipped
O0000339,C00067,2025-03-09T00:00:00,CHF,3068.54,invoiced
O0000340,C00037,2025-02-17T00:00:00,CHF,1967.71,invoiced
O0000341,C00077,2025-03-28T00:00:00,CHF,309.21,invoiced
O0000342,C00043,2025-01-09T00:00:00,CHF,517.8,shipped
O0000343,C00033,2025-02-06T00:00:00,CHF,3632.48,released
O0000344,C00011,2025-02-12T00:00:00,CHF,2934.56,released
O0000345,C00045,2025-04-28T00:00:00,CHF,1585.65,shipped
O0000346,C00077,2025-01-17T00:00:00,CHF,3558.73,open
O0000347,C00072,2025-02-09T00:00:00,CHF,1914.56,invoiced
O0000348,C00017,2025-04-15T00:00:00,CHF,3367.08,open
O0000349,C00086,2025-03-24T00:00:00,CHF,2145.86,invoiced
O0000350,C00047,2025-01-03T00:00:00,CHF,1578.89,released
O0000351,C00099,2025-02-13T00:00:00,CHF,2457.04,released
O0000352,C00020,2025-01-18T00:00:00,CHF,431.97,open
O0000353,C00099,2025-03-06T00:00:00,CHF,2721.87,open
O0000354,C00044,2025-03-26T00:00:00,CHF,4388.14,released
O0000355,C00049,2025-03-18T00:00:00,CHF,813.55,released
O0000356,C00089,2025-04-17T00:00:00,CHF,3866.93,released
O0000357,C00057,2025-04-03T00:00:00,CHF,266.28,invoiced
O0000358,C00093,2025-03-28T00:00:00,CHF,1225.77,shipped
O0000359,C00037,2025-03-20T00:00:00,CHF,3774.34,shipped
O0000360,C00069,2025-01-30T00:00:00,CHF,1233.88,shipped
O0000361,C00025,2025-04-26T00:00:00,CHF,1870.81,shipped
O0000362,C00099,2025-03-01T00:00:00,CHF,1444.77,shipped
O0000363,C00068,2025-03-06T00:00:00,CHF,2122.37,released
O0000364,C00026,2025-04-15T00:00:00,CHF,4016.23,released
O0000365,C00033,2025-04-22T00:00:00,CHF,308.29,shipped
O0000366,C00048,2025-04-22T00:00:00,CHF,2794.98,open
O0000367,C00067,2025-04-02T00:00:00,CHF,4263.27,invoiced
O0000368,C00098,2025-01-11T00:00:00,CHF,843.55,shipped
O0000369,C00066,2025-04-26T00:00:00,CHF,779.38,shipped
O0000370,C00029,2025-01-12T00:00:00,CHF,4092.68,invoiced
O0000371,C00004,2025-04-30T00:00:00,CHF,2103.74,shipped
O0000372,C00048,2025-03-06T00:00:00,CHF,1217.1,open
O0000373,C00029,2025-02-17T00:00:00,CHF,189.53,open
O0000374,C00092,2025-04-18T00:00:00,CHF,3267.31,released
O0000375,C00005,2025-01-18T00:00:00,CHF,1470.05,shipped
O0000376,C00018,2025-03-31T00:00:00,CHF,3806.26,shipped
O0000377,C00079,2025-02-27T00:00:00,CHF,75.99,open
O0000378,C00033,2025-01-03T00:00:00,CHF,1117.49,released
O0000379,C00094,2025-03-12T00:00:00,CHF,3063.96,shipped
O0000380,C00100,2025-01-15T00:00:00,CHF,1476.1,invoiced
O0000381,C00007,2025-01-16T00:00:00,CHF,1230.28,shipped
O0000382,C00015,2025-01-09T00:00:00,CHF,4191.6,shipped
O0000383,C00069,2025-03-18T00:00:00,CHF,131.35,released
O0000384,C00019,2025-04-02T00:00:00,CHF,1491.8,open
O0000385,C00046,2025-03-20T00:00:00,CHF,1240.79,shipped
O0000386,C00086,2025-01-24T00:00:00,CHF,3357.66,invoiced
O0000387,C00068,2025-01-09T00:00:00,CHF,2743.21,open
O0000388,C00061,2025-02-19T00:00:00,CHF,265.5,shipped
O0000389,C00033,2025-02-17T00:00:00,CHF,3749.22,invoiced
O0000390,C00009,2025-04-11T00:00:00,CHF,1756.77,open
O0000391,C00075,2025-04-09T00:00:00,CHF,3689.18,invoiced
O0000392,C00006,2025-01-18T00:00:00,CHF,1793.88,invoiced
O0000393,C00083,2025-04-15T00:00:00,CHF,916.69,shipped
O0000394,C00062,2025-03-31T00:00:00,CHF,3177.09,released
O0000395,C00092,2025-01-09T00:00:00,CHF,3892.14,shipped
O0000396,C00038,2025-01-05T00:00:00,CHF,1047.88,released
O0000397,C00006,2025-04-24T00:00:00,CHF,1612.2,invoiced
O0000398,C00051,2025-03-07T00:00:00,CHF,4946.16,shipped
O0000399,C00005,2025-02-02T00:00:00,CHF,3778.79,released
O0000400,C00046,2025-02-06T00:00:00,CHF,4317.59,open
O0000401,C00084,2025-04-21T00:00:00,CHF,1693.03,open
O0000402,C00048,2025-04-13T00:00:00,CHF,2212.91,shipped
O0000403,C00057,2025-04-06T00:00:00,CHF,4478.46,shipped
O0000404,C00024,2025-02-13T00:00:00,CHF,2506.21,shipped
O0000405,C00067,2025-02-17T00:00:00,CHF,1370.27,open
O0000406,C00055,2025-04-04T00:00:00,CHF,440.69,released
O0000407,C00038,2025-03-11T00:00:00,CHF,1640.0,open
O0000408,C00085,2025-02-11T00:00:00,CHF,1513.42,shipped
O0000409,C00092,2025-03-19T00:00:00,CHF,2159.27,shipped
O0000410,C00058,2025-02-14T00:00:00,CHF,259.66,invoiced
O0000411,C00056,2025-03-20T00:00:00,CHF,1409.05,open
O0000412,C00086,2025-01-10T00:00:00,CHF,3205.69,invoiced
O0000413,C00096,2025-03-07T00:00:00,CHF,3413.08,open
O0000414,C00078,2025-01-19T00:00:00,CHF,3406.54,shipped
O0000415,C00017,2025-01-05T00:00:00,CHF,382.81,invoiced
O0000416,C00050,2025-02-16T00:00:00,CHF,4749.86,open
O0000417,C00020,2025-03-19T00:00:00,CHF,3411.36,invoiced
O0000418,C00057,2025-02-17T00:00:00,CHF,3827.27,released
O0000419,C00047,2025-03-09T00:00:00,CHF,2020.27,invoiced
O0000420,C00015,2025-02-01T00:00:00,CHF,178.27,released
O0000421,C00067,2025-03-05T00:00:00,CHF,1965.59,open
O0000422,C00100,2025-02-03T00:00:00,CHF,1338.43,shipped
O0000423,C00079,2025-01-28T00:00:00,CHF,1463.61,shipped
O0000424,C00016,2025-01-26T00:00:00,CHF,721.86,open
O0000425,C00023,2025-02-27T00:00:00,CHF,4498.46,shipped
O0000426,C00088,2025-01-12T00:00:00,CHF,4839.43,invoiced
O0000427,C00045,2025-03-27T00:00:00,CHF,3562.23,invoiced
O0000428,C00039,2025-04-25T00:00:00,CHF,4264.24,released
O0000429,C00047,2025-04-12T00:00:00,CHF,2568.34,open
O0000430,C00018,2025-01-26T00:00:00,CHF,1221.84,shipped
O0000431,C00047,2025-01-04T00:00:00,CHF,2792.41,invoiced
O0000432,C00071,2025-03-01T00:00:00,CHF,692.37,open
O0000433,C00040,2025-01-09T00:00:00,CHF,2020.89,shipped
O0000434,C00053,2025-03-09T00:00:00,CHF,3857.36,open
O0000435,C00041,2025-01-17T00:00:00,CHF,3229.58,shipped
O0000436,C00088,2025-03-01T00:00:00,CHF,2610.93,released
O0000437,C00100,2025-04-23T00:00:00,CHF,2778.95,released
O0000438,C00017,2025-04-09T00:00:00,CHF,2191.46,open
O0000439,C00016,2025-04-17T00:00:00,CHF,2614.61,invoiced
O0000440,C00021,2025-01-22T00:00:00,CHF,1647.17,released
O0000441,C00067,2025-02-14T00:00:00,CHF,4479.88,open
O0000442,C00026,2025-02-02T00:00:00,CHF,3193.53,invoiced
O0000443,C00081,2025-01-17T00:00:00,CHF,1548.98,open
O0000444,C00083,2025-03-06T00:00:00,CHF,884.75,released
O0000445,C00085,2025-01-22T00:00:00,CHF,3141.17,invoiced
O0000446,C00073,2025-04-18T00:00:00,CHF,253.91,open
O0000447,C00006,2025-01-11T00:00:00,CHF,4745.31,invoiced
O0000448,C00027,2025-03-25T00:00:00,CHF,3846.45,shipped
O0000449,C00082,2025-03-21T00:00:00,CHF,199.92,invoiced
O0000450,C00039,2025-03-24T00:00:00,CHF,2440.58,shipped
O0000451,C00059,2025-02-08T00:00:00,CHF,411.22,open
O0000452,C00057,2025-01-21T00:00:00,CHF,2107.33,shipped
O0000453,C00044,2025-01-27T00:00:00,CHF,3052.97,invoiced
O0000454,C00092,2025-04-21T00:00:00,CHF,1630.62,invoiced
O0000455,C00017,2025-02-21T00:00:00,CHF,3815.29,open
O0000456,C00031,2025-02-10T00:00:00,CHF,2359.04,invoiced
O0000457,C00032,2025-02-27T00:00:00,CHF,747.34,open
O0000458,C00050,2025-02-07T00:00:00,CHF,4327.61,shipped
O0000459,C00021,2025-02-01T00:00:00,CHF,4076.72,invoiced
O0000460,C00098,2025-01-25T00:00:00,CHF,838.74,shipped
O0000461,C00040,2025-03-05T00:00:00,CHF,2511.98,open
O0000462,C00051,2025-05-01T00:00:00,CHF,2551.95,released
O0000463,C00075,2025-01-28T00:00:00,CHF,1796.83,open
O0000464,C00064,2025-02-06T00:00:00,CHF,3007.72,shipped
O0000465,C00069,2025-02-06T00:00:00,CHF,90.48,open
O0000466,C00018,2025-02-25T00:00:00,CHF,4418.16,invoiced
O0000467,C00052,2025-04-08T00:00:00,CHF,1861.39,shipped
O0000468,C00073,2025-01-07T00:00:00,CHF,2830.99,invoiced
O0000469,C00037,2025-03-12T00:00:00,CHF,413.98,shipped
O0000470,C00071,2025-04-08T00:00:00,CHF,1434.62,open
O0000471,C00013,2025-01-17T00:00:00,CHF,1999.82,invoiced
O0000472,C00047,2025-03-13T00:00:00,CHF,3787.08,released
O0000473,C00066,2025-03-19T00:00:00,CHF,2036.87,open
O0000474,C00005,2025-01-06T00:00:00,CHF,728.33,invoiced
O0000475,C00061,2025-04-13T00:00:00,CHF,2620.7,released
O0000476,C00066,2025-03-19T00:00:00,CHF,741.92,invoiced
O0000477,C00051,2025-01-21T00:00:00,CHF,4953.55,invoiced
O0000478,C00044,2025-03-17T00:00:00,CHF,2561.21,shipped
O0000479,C00073,2025-04-01T00:00:00,CHF,1533.96,open
O0000480,C00043,2025-02-17T00:00:00,CHF,3385.34,shipped
O0000481,C00040,2025-03-16T00:00:00,CHF,3993.94,open
O0000482,C00061,2025-03-18T00:00:00,CHF,1364.38,released
O0000483,C00007,2025-04-03T00:00:00,CHF,2938.44,released
O0000484,C00081,2025-03-09T00:00:00,CHF,3619.86,shipped
O0000485,C00088,2025-01-19T00:00:00,CHF,1248.87,open
O0000486,C00003,2025-01-25T00:00:00,CHF,2233.14,shipped
O0000487,C00053,2025-01-20T00:00:00,CHF,3467.98,shipped
O0000488,C00100,2025-03-06T00:00:00,CHF,3076.82,shipped
O0000489,C00095,2025-04-22T00:00:00,CHF,3650.64,released
O0000490,C00027,2025-03-08T00:00:00,CHF,2826.39,shipped
O0000491,C00049,2025-03-09T00:00:00,CHF,1603.08,released
O0000492,C00069,2025-02-28T00:00:00,CHF,1744.52,invoiced
O0000493,C00099,2025-03-28T00:00:00,CHF,4344.89,invoiced
O0000494,C00062,2025-03-20T00:00:00,CHF,1001.71,released
O0000495,C00072,2025-02-05T00:00:00,CHF,1527.57,invoiced
O0000496,C00037,2025-04-09T00:00:00,CHF,3539.26,shipped
O0000497,C00062,2025-02-10T00:00:00,CHF,1776.58,invoiced
O0000498,C00016,2025-02-06T00:00:00,CHF,2888.71,shipped
O0000499,C00051,2025-04-25T00:00:00,CHF,4100.97,released
O0000500,C00006,2025-02-07T00:00:00,CHF,1473.77,open
O0000501,C00057,2025-02-14T00:00:00,CHF,3297.06,shipped
O0000502,C00026,2025-01-28T00:00:00,CHF,4148.36,invoiced
O0000503,C00072,2025-04-30T00:00:00,CHF,3496.05,released
O0000504,C00079,2025-01-14T00:00:00,CHF,3717.41,released
O0000505,C00007,2025-02-01T00:00:00,CHF,3365.68,released
O0000506,C00030,2025-03-23T00:00:00,CHF,309.83,shipped
O0000507,C00092,2025-02-12T00:00:00,CHF,2388.4,released
O0000508,C00071,2025-01-01T00:00:00,CHF,4890.66,released
O0000509,C00084,2025-02-22T00:00:00,CHF,4678.41,shipped
O0000510,C00084,2025-03-03T00:00:00,CHF,1037.31,invoiced
O0000511,C00037,2025-02-11T00:00:00,CHF,3247.19,open
O0000512,C00074,2025-03-25T00:00:00,CHF,1199.49,open
O0000513,C00023,2025-04-27T00:00:00,CHF,2118.53,released
O0000514,C00005,2025-04-30T00:00:00,CHF,4986.0,shipped
O0000515,C00064,2025-04-11T00:00:00,CHF,972.24,invoiced
O0000516,C00005,2025-04-23T00:00:00,CHF,95.87,open
O0000517,C00043,2025-04-29T00:00:00,CHF,1458.58,shipped
O0000518,C00018,2025-04-24T00:00:00,CHF,4262.75,shipped
O0000519,C00025,2025-02-04T00:00:00,CHF,4053.63,invoiced
O0000520,C00094,2025-01-21T00:00:00,CHF,2321.63,invoiced
O0000521,C00024,2025-04-02T00:00:00,CHF,119.72,invoiced
O0000522,C00038,2025-04-12T00:00:00,CHF,2860.52,released
O0000523,C00079,2025-01-23T00:00:00,CHF,4287.93,shipped
O0000524,C00055,2025-04-16T00:00:00,CHF,2600.64,open
O0000525,C00086,2025-02-21T00:00:00,CHF,522.16,released
O0000526,C00042,2025-03-03T00:00:00,CHF,4682.34,open
O0000527,C00050,2025-02-03T00:00:00,CHF,1215.83,invoiced
O0000528,C00039,2025-02-12T00:00:00,CHF,2933.18,open
O0000529,C00084,2025-02-03T00:00:00,CHF,1829.78,released
O0000530,C00086,2025-01-08T00:00:00,CHF,635.21,invoiced
O0000531,C00052,2025-01-21T00:00:00,CHF,3446.06,invoiced
O0000532,C00016,2025-03-30T00:00:00,CHF,3211.62,invoiced
O0000533,C00079,2025-02-17T00:00:00,CHF,1143.2,released
O0000534,C00020,2025-03-03T00:00:00,CHF,2302.14,invoiced
O0000535,C00090,2025-02-23T00:00:00,CHF,2768.71,shipped
O0000536,C00069,2025-04-07T00:00:00,CHF,4019.88,released
O0000537,C00032,2025-04-08T00:00:00,CHF,3417.69,open
O0000538,C00058,2025-03-09T00:00:00,CHF,2664.46,invoiced
O0000539,C00073,2025-01-10T00:00:00,CHF,605.43,released
O0000540,C00069,2025-03-15T00:00:00,CHF,791.77,invoiced
O0000541,C00067,2025-04-20T00:00:00,CHF,2237.11,released
O0000542,C00075,2025-04-02T00:00:00,CHF,2469.7,shipped
O0000543,C00008,2025-04-14T00:00:00,CHF,2294.49,shipped
O0000544,C00073,2025-02-28T00:00:00,CHF,335.8,shipped
O0000545,C00040,2025-03-28T00:00:00,CHF,3630.24,shipped
O0000546,C00001,2025-02-02T00:00:00,CHF,3741.73,open
O0000547,C00055,2025-01-06T00:00:00,CHF,1755.42,open
O0000548,C00008,2025-03-11T00:00:00,CHF,4676.18,open
O0000549,C00061,2025-04-30T00:00:00,CHF,207.09,shipped
O0000550,C00099,2025-01-24T00:00:00,CHF,720.37,shipped
O0000551,C00049,2025-02-17T00:00:00,CHF,2270.26,shipped
O0000552,C00011,2025-02-18T00:00:00,CHF,3429.52,released
O0000553,C00045,2025-03-25T00:00:00,CHF,637.23,shipped
O0000554,C00017,2025-03-09T00:00:00,CHF,3652.9,released
O0000555,C00001,2025-04-17T00:00:00,CHF,3793.09,invoiced
O0000556,C00087,2025-03-01T00:00:00,CHF,3609.52,shipped
O0000557,C00049,2025-03-10T00:00:00,CHF,4125.63,released
O0000558,C00045,2025-02-28T00:00:00,CHF,817.85,released
O0000559,C00093,2025-04-30T00:00:00,CHF,3839.18,open
O0000560,C00085,2025-04-14T00:00:00,CHF,2125.24,open
O0000561,C00027,2025-01-31T00:00:00,CHF,383.09,open
O0000562,C00077,2025-02-27T00:00:00,CHF,3376.52,open
O0000563,C00095,2025-02-01T00:00:00,CHF,268.97,shipped
O0000564,C00070,2025-01-30T00:00:00,CHF,1125.48,open
O0000565,C00065,2025-01-18T00:00:00,CHF,4967.74,released
O0000566,C00094,2025-04-15T00:00:00,CHF,2901.75,invoiced
O0000567,C00039,2025-01-31T00:00:00,CHF,4387.48,released
O0000568,C00039,2025-02-22T00:00:00,CHF,1412.01,released
O0000569,C00087,2025-03-22T00:00:00,CHF,2164.64,shipped
O0000570,C00045,2025-01-07T00:00:00,CHF,4710.85,shipped
O0000571,C00068,2025-04-11T00:00:00,CHF,1627.74,shipped
O0000572,C00020,2025-02-22T00:00:00,CHF,1534.45,released
O0000573,C00069,2025-04-07T00:00:00,CHF,2393.92,released
O0000574,C00091,2025-02-08T00:00:00,CHF,764.54,shipped
O0000575,C00008,2025-04-28T00:00:00,CHF,2833.81,shipped
O0000576,C00068,2025-03-13T00:00:00,CHF,713.76,released
O0000577,C00027,2025-02-02T00:00:00,CHF,1684.8,open
O0000578,C00058,2025-04-29T00:00:00,CHF,4243.31,open
O0000579,C00093,2025-03-10T00:00:00,CHF,4155.56,open
O0000580,C00049,2025-02-04T00:00:00,CHF,3384.68,open
O0000581,C00010,2025-04-22T00:00:00,CHF,981.41,released
O0000582,C00027,2025-03-03T00:00:00,CHF,4353.9,invoiced
O0000583,C00002,2025-02-08T00:00:00,CHF,1098.45,released
O0000584,C00016,2025-04-05T00:00:00,CHF,3747.05,shipped
O0000585,C00032,2025-04-28T00:00:00,CHF,3493.35,released
O0000586,C00031,2025-02-20T00:00:00,CHF,2782.79,invoiced
O0000587,C00060,2025-02-18T00:00:00,CHF,2691.57,invoiced
O0000588,C00034,2025-02-09T00:00:00,CHF,1830.24,shipped
O0000589,C00013,2025-03-01T00:00:00,CHF,4023.94,shipped
O0000590,C00041,2025-04-08T00:00:00,CHF,4575.94,invoiced
O0000591,C00053,2025-02-10T00:00:00,CHF,276.29,released
O0000592,C00019,2025-04-05T00:00:00,CHF,130.29,shipped
O0000593,C00020,2025-02-07T00:00:00,CHF,1021.15,released
O0000594,C00073,2025-02-18T00:00:00,CHF,4175.15,shipped
O0000595,C00084,2025-03-12T00:00:00,CHF,4720.15,invoiced
O0000596,C00098,2025-02-02T00:00:00,CHF,4116.88,shipped
O0000597,C00022,2025-02-28T00:00:00,CHF,3677.22,invoiced
O0000598,C00018,2025-01-22T00:00:00,CHF,3615.55,shipped
O0000599,C00070,2025-01-24T00:00:00,CHF,4952.1,open
O0000600,C00005,2025-03-09T00:00:00,CHF,4203.39,open
O0000601,C00086,2025-05-01T00:00:00,CHF,290.15,open
O0000602,C00018,2025-02-22T00:00:00,CHF,4220.6,released
O0000603,C00091,2025-01-09T00:00:00,CHF,797.6,released
O0000604,C00059,2025-03-06T00:00:00,CHF,1897.34,shipped
O0000605,C00063,2025-03-26T00:00:00,CHF,127.87,shipped
O0000606,C00003,2025-01-02T00:00:00,CHF,2670.62,invoiced
O0000607,C00037,2025-03-10T00:00:00,CHF,134.86,shipped
O0000608,C00023,2025-04-14T00:00:00,CHF,579.73,open
O0000609,C00020,2025-03-09T00:00:00,CHF,1242.8,invoiced
O0000610,C00046,2025-04-15T00:00:00,CHF,1373.26,shipped
O0000611,C00048,2025-01-11T00:00:00,CHF,4798.52,shipped
O0000612,C00032,2025-03-14T00:00:00,CHF,4951.65,released
O0000613,C00088,2025-02-08T00:00:00,CHF,4148.91,open
O0000614,C00084,2025-03-25T00:00:00,CHF,3809.95,open
O0000615,C00049,2025-02-21T00:00:00,CHF,1916.99,shipped
O0000616,C00082,2025-01-08T00:00:00,CHF,96.78,released
O0000617,C00064,2025-01-11T00:00:00,CHF,4234.38,invoiced
O0000618,C00013,2025-03-14T00:00:00,CHF,4479.22,open
O0000619,C00028,2025-01-30T00:00:00,CHF,4511.3,shipped
O0000620,C00006,2025-02-04T00:00:00,CHF,4624.59,invoiced
O0000621,C00070,2025-04-26T00:00:00,CHF,2839.37,open
O0000622,C00041,2025-01-23T00:00:00,CHF,127.51,released
O0000623,C00019,2025-03-17T00:00:00,CHF,3773.66,shipped
O0000624,C00010,2025-04-29T00:00:00,CHF,1531.42,released
O0000625,C00050,2025-03-14T00:00:00,CHF,3401.32,invoiced
O0000626,C00097,2025-02-19T00:00:00,CHF,3711.74,open
O0000627,C00096,2025-03-06T00:00:00,CHF,4872.9,open
O0000628,C00056,2025-01-13T00:00:00,CHF,1199.11,open
O0000629,C00078,2025-02-13T00:00:00,CHF,3856.58,shipped
O0000630,C00042,2025-04-10T00:00:00,CHF,196.65,invoiced
O0000631,C00058,2025-04-11T00:00:00,CHF,2478.49,invoiced
O0000632,C00049,2025-03-12T00:00:00,CHF,2187.65,shipped
O0000633,C00099,2025-01-11T00:00:00,CHF,3112.15,released
O0000634,C00010,2025-04-02T00:00:00,CHF,456.09,released
O0000635,C00092,2025-02-18T00:00:00,CHF,3930.26,released
O0000636,C00050,2025-04-05T00:00:00,CHF,1617.56,open
O0000637,C00001,2025-01-12T00:00:00,CHF,4717.65,shipped
O0000638,C00098,2025-02-16T00:00:00,CHF,1385.34,released
O0000639,C00024,2025-01-12T00:00:00,CHF,2183.35,shipped
O0000640,C00004,2025-01-14T00:00:00,CHF,493.61,open
O0000641,C00077,2025-03-18T00:00:00,CHF,3932.97,shipped
O0000642,C00038,2025-01-02T00:00:00,CHF,2098.36,open
O0000643,C00072,2025-04-03T00:00:00,CHF,4530.78,released
O0000644,C00067,2025-03-15T00:00:00,CHF,889.44,shipped
O0000645,C00018,2025-01-22T00:00:00,CHF,1381.15,invoiced
O0000646,C00019,2025-03-05T00:00:00,CHF,363.17,shipped
O0000647,C00054,2025-02-05T00:00:00,CHF,1533.77,open
O0000648,C00033,2025-02-16T00:00:00,CHF,4723.9,shipped
O0000649,C00079,2025-03-18T00:00:00,CHF,1017.96,open
O0000650,C00039,2025-01-18T00:00:00,CHF,83.5,shipped
O0000651,C00080,2025-02-12T00:00:00,CHF,1930.46,invoiced
O0000652,C00043,2025-02-26T00:00:00,CHF,2181.55,released
O0000653,C00042,2025-02-08T00:00:00,CHF,3035.9,released
O0000654,C00041,2025-03-03T00:00:00,CHF,929.3,shipped
O0000655,C00038,2025-02-10T00:00:00,CHF,3687.63,shipped
O0000656,C00032,2025-03-15T00:00:00,CHF,1663.14,invoiced
O0000657,C00051,2025-04-15T00:00:00,CHF,1856.83,released
O0000658,C00070,2025-03-17T00:00:00,CHF,940.64,open
O0000659,C00060,2025-04-04T00:00:00,CHF,4717.73,released
O0000660,C00038,2025-02-26T00:00:00,CHF,4164.84,open
O0000661,C00053,2025-04-15T00:00:00,CHF,3381.24,released
O0000662,C00039,2025-03-23T00:00:00,CHF,1248.0,released
O0000663,C00055,2025-04-02T00:00:00,CHF,3955.93,open
O0000664,C00077,2025-02-27T00:00:00,CHF,2422.21,shipped
O0000665,C00065,2025-03-10T00:00:00,CHF,4621.3,shipped
O0000666,C00005,2025-03-11T00:00:00,CHF,3964.07,invoiced
O0000667,C00069,2025-03-31T00:00:00,CHF,2989.41,open
O0000668,C00099,2025-01-14T00:00:00,CHF,1278.74,invoiced
O0000669,C00083,2025-01-22T00:00:00,CHF,3082.76,shipped
O0000670,C00043,2025-04-07T00:00:00,CHF,4830.3,shipped
O0000671,C00002,2025-01-14T00:00:00,CHF,538.1,released
O0000672,C00096,2025-03-07T00:00:00,CHF,2618.05,released
O0000673,C00048,2025-02-27T00:00:00,CHF,1986.11,released
O0000674,C00004,2025-02-14T00:00:00,CHF,2439.72,invoiced
O0000675,C00011,2025-02-23T00:00:00,CHF,624.54,released
O0000676,C00040,2025-02-14T00:00:00,CHF,1748.18,released
O0000677,C00062,2025-03-08T00:00:00,CHF,1774.09,open
O0000678,C00093,2025-02-26T00:00:00,CHF,3498.98,invoiced
O0000679,C00039,2025-01-09T00:00:00,CHF,271.18,open
O0000680,C00044,2025-01-03T00:00:00,CHF,3257.45,released
O0000681,C00095,2025-04-30T00:00:00,CHF,1257.37,released
O0000682,C00021,2025-03-12T00:00:00,CHF,1688.4,shipped
O0000683,C00030,2025-03-01T00:00:00,CHF,3998.89,released
O0000684,C00082,2025-01-24T00:00:00,CHF,3303.67,shipped
O0000685,C00095,2025-01-04T00:00:00,CHF,3089.83,released
O0000686,C00076,2025-02-27T00:00:00,CHF,2176.29,open
O0000687,C00028,2025-04-01T00:00:00,CHF,1068.63,open
O0000688,C00014,2025-03-15T00:00:00,CHF,4007.54,released
O0000689,C00042,2025-02-16T00:00:00,CHF,1025.52,open
O0000690,C00086,2025-02-03T00:00:00,CHF,4320.05,invoiced
O0000691,C00050,2025-03-18T00:00:00,CHF,3075.98,open
O0000692,C00046,2025-02-14T00:00:00,CHF,4235.31,released
O0000693,C00087,2025-04-15T00:00:00,CHF,3544.64,invoiced
O0000694,C00079,2025-04-28T00:00:00,CHF,2971.33,released
O0000695,C00016,2025-02-10T00:00:00,CHF,1230.93,open
O0000696,C00048,2025-01-24T00:00:00,CHF,3482.51,shipped
O0000697,C00077,2025-02-23T00:00:00,CHF,732.44,shipped
O0000698,C00024,2025-02-24T00:00:00,CHF,2459.02,released
O0000699,C00022,2025-03-13T00:00:00,CHF,2473.73,released
O0000700,C00041,2025-01-24T00:00:00,CHF,4217.83,open
O0000701,C00046,2025-04-21T00:00:00,CHF,4761.62,shipped
O0000702,C00025,2025-01-18T00:00:00,CHF,4085.32,shipped
O0000703,C00088,2025-02-22T00:00:00,CHF,2484.04,shipped
O0000704,C00022,2025-03-04T00:00:00,CHF,459.22,open
O0000705,C00098,2025-04-12T00:00:00,CHF,1141.62,open
O0000706,C00029,2025-02-05T00:00:00,CHF,2711.16,released
O0000707,C00059,2025-04-10T00:00:00,CHF,2849.97,shipped
O0000708,C00066,2025-03-12T00:00:00,CHF,610.39,open
O0000709,C00100,2025-02-04T00:00:00,CHF,2738.38,invoiced
O0000710,C00097,2025-03-11T00:00:00,CHF,255.97,shipped
O0000711,C00028,2025-03-11T00:00:00,CHF,4949.39,open
O0000712,C00084,2025-04-05T00:00:00,CHF,3769.16,invoiced
O0000713,C00005,2025-04-22T00:00:00,CHF,2276.18,invoiced
O0000714,C00012,2025-04-21T00:00:00,CHF,2223.4,open
O0000715,C00031,2025-04-10T00:00:00,CHF,1088.9,invoiced
O0000716,C00091,2025-04-21T00:00:00,CHF,3070.8,shipped
O0000717,C00079,2025-01-22T00:00:00,CHF,739.21,released
O0000718,C00027,2025-04-15T00:00:00,CHF,4036.93,invoiced
O0000719,C00036,2025-03-10T00:00:00,CHF,3004.45,released
O0000720,C00091,2025-02-11T00:00:00,CHF,1498.54,invoiced
O0000721,C00066,2025-04-20T00:00:00,CHF,4928.17,open
O0000722,C00097,2025-01-18T00:00:00,CHF,3939.17,open
O0000723,C00084,2025-02-05T00:00:00,CHF,678.1,released
O0000724,C00019,2025-02-01T00:00:00,CHF,3571.4,released
O0000725,C00087,2025-04-08T00:00:00,CHF,1993.87,released
O0000726,C00081,2025-03-15T00:00:00,CHF,1380.15,shipped
O0000727,C00058,2025-02-18T00:00:00,CHF,423.81,open
O0000728,C00066,2025-02-21T00:00:00,CHF,3761.52,invoiced
O0000729,C00063,2025-02-28T00:00:00,CHF,1670.08,open
O0000730,C00100,2025-04-22T00:00:00,CHF,4243.48,open
O0000731,C00059,2025-04-04T00:00:00,CHF,3192.46,invoiced
O0000732,C00009,2025-04-19T00:00:00,CHF,3988.61,shipped
O0000733,C00055,2025-01-28T00:00:00,CHF,4133.0,shipped
O0000734,C00042,2025-02-04T00:00:00,CHF,4150.3,invoiced
O0000735,C00074,2025-03-12T00:00:00,CHF,696.44,shipped
O0000736,C00044,2025-04-11T00:00:00,CHF,4476.07,open
O0000737,C00013,2025-01-06T00:00:00,CHF,3149.59,shipped
O0000738,C00016,2025-01-03T00:00:00,CHF,4650.69,released
O0000739,C00059,2025-02-26T00:00:00,CHF,53.35,shipped
O0000740,C00089,2025-01-26T00:00:00,CHF,4551.57,invoiced
O0000741,C00036,2025-01-21T00:00:00,CHF,512.03,invoiced
O0000742,C00011,2025-02-02T00:00:00,CHF,1890.63,released
O0000743,C00051,2025-01-07T00:00:00,CHF,3146.74,released
O0000744,C00084,2025-02-24T00:00:00,CHF,501.44,open
O0000745,C00028,2025-01-01T00:00:00,CHF,2410.19,released
O0000746,C00029,2025-03-17T00:00:00,CHF,2621.25,shipped
O0000747,C00002,2025-01-02T00:00:00,CHF,3493.21,open
O0000748,C00055,2025-04-21T00:00:00,CHF,3485.45,shipped
O0000749,C00030,2025-01-10T00:00:00,CHF,1946.2,open
O0000750,C00041,2025-01-14T00:00:00,CHF,1869.43,invoiced
O0000751,C00049,2025-01-18T00:00:00,CHF,3878.63,released
O0000752,C00087,2025-03-24T00:00:00,CHF,757.12,open
O0000753,C00084,2025-03-20T00:00:00,CHF,862.38,invoiced
O0000754,C00028,2025-04-03T00:00:00,CHF,3159.0,released
O0000755,C00053,2025-04-28T00:00:00,CHF,3099.58,shipped
O0000756,C00028,2025-04-21T00:00:00,CHF,479.11,open
O0000757,C00097,2025-01-18T00:00:00,CHF,659.63,shipped
O0000758,C00055,2025-02-14T00:00:00,CHF,1606.79,released
O0000759,C00036,2025-02-01T00:00:00,CHF,3240.87,released
O0000760,C00077,2025-03-12T00:00:00,CHF,3020.04,invoiced
O0000761,C00089,2025-04-10T00:00:00,CHF,182.78,invoiced
O0000762,C00067,2025-01-27T00:00:00,CHF,3054.29,released
O0000763,C00051,2025-04-06T00:00:00,CHF,1512.93,open
O0000764,C00031,2025-04-11T00:00:00,CHF,2499.69,open
O0000765,C00064,2025-01-31T00:00:00,CHF,3208.51,open
O0000766,C00002,2025-03-09T00:00:00,CHF,4935.07,invoiced
O0000767,C00050,2025-01-17T00:00:00,CHF,4311.03,shipped
O0000768,C00070,2025-02-16T00:00:00,CHF,3430.56,shipped
O0000769,C00010,2025-04-09T00:00:00,CHF,132.61,open
O0000770,C00034,2025-01-02T00:00:00,CHF,1117.93,open
O0000771,C00051,2025-04-12T00:00:00,CHF,2557.72,shipped
O0000772,C00090,2025-02-24T00:00:00,CHF,2041.27,released
O0000773,C00011,2025-02-05T00:00:00,CHF,1584.04,released
O0000774,C00020,2025-04-14T00:00:00,CHF,2705.13,shipped
O0000775,C00082,2025-03-17T00:00:00,CHF,3827.96,open
O0000776,C00090,2025-02-09T00:00:00,CHF,2215.56,released
O0000777,C00032,2025-01-08T00:00:00,CHF,476.75,shipped
O0000778,C00059,2025-01-15T00:00:00,CHF,3080.87,open
O0000779,C00086,2025-02-09T00:00:00,CHF,3721.38,released
O0000780,C00002,2025-01-16T00:00:00,CHF,3554.11,open
O0000781,C00064,2025-01-21T00:00:00,CHF,4767.43,invoiced
O0000782,C00048,2025-01-22T00:00:00,CHF,678.31,invoiced
O0000783,C00016,2025-04-04T00:00:00,CHF,3868.58,open
O0000784,C00055,2025-02-12T00:00:00,CHF,1396.3,open
O0000785,C00092,2025-02-03T00:00:00,CHF,4876.5,open
O0000786,C00059,2025-03-05T00:00:00,CHF,2578.37,open
O0000787,C00073,2025-03-05T00:00:00,CHF,876.06,released
O0000788,C00099,2025-02-02T00:00:00,CHF,559.38,open
O0000789,C00095,2025-01-30T00:00:00,CHF,2568.68,open
O0000790,C00002,2025-04-20T00:00:00,CHF,1260.53,shipped
O0000791,C00050,2025-02-16T00:00:00,CHF,4605.12,released
O0000792,C00005,2025-04-30T00:00:00,CHF,2786.68,shipped
O0000793,C00042,2025-01-29T00:00:00,CHF,1278.9,invoiced
O0000794,C00010,2025-02-04T00:00:00,CHF,2879.1,open
O0000795,C00087,2025-03-06T00:00:00,CHF,4514.61,released
O0000796,C00067,2025-01-29T00:00:00,CHF,4908.0,shipped
O0000797,C00060,2025-01-09T00:00:00,CHF,4336.86,invoiced
O0000798,C00012,2025-02-11T00:00:00,CHF,2787.8,open
O0000799,C00026,2025-02-17T00:00:00,CHF,1493.4,invoiced
O0000800,C00080,2025-04-05T00:00:00,CHF,1250.79,invoiced
O0000801,C00064,2025-03-17T00:00:00,CHF,4989.05,released
O0000802,C00070,2025-04-04T00:00:00,CHF,3814.39,released
O0000803,C00001,2025-01-20T00:00:00,CHF,4665.37,open
O0000804,C00070,2025-01-30T00:00:00,CHF,1764.8,open
O0000805,C00001,2025-02-12T00:00:00,CHF,3806.7,shipped
O0000806,C00095,2025-04-19T00:00:00,CHF,3649.71,open
O0000807,C00068,2025-01-27T00:00:00,CHF,4916.42,shipped
O0000808,C00008,2025-03-04T00:00:00,CHF,4864.17,released
O0000809,C00036,2025-04-02T00:00:00,CHF,510.48,released
O0000810,C00067,2025-04-25T00:00:00,CHF,2094.63,invoiced
O0000811,C00096,2025-02-28T00:00:00,CHF,470.27,open
O0000812,C00018,2025-03-06T00:00:00,CHF,3204.22,shipped
O0000813,C00076,2025-01-10T00:00:00,CHF,2860.71,shipped
O0000814,C00017,2025-03-26T00:00:00,CHF,1222.02,invoiced
O0000815,C00041,2025-04-19T00:00:00,CHF,4633.91,shipped
O0000816,C00095,2025-03-31T00:00:00,CHF,1664.95,shipped
O0000817,C00030,2025-02-04T00:00:00,CHF,419.7,released
O0000818,C00100,2025-01-18T00:00:00,CHF,3862.23,open
O0000819,C00014,2025-01-20T00:00:00,CHF,863.66,shipped
O0000820,C00053,2025-02-10T00:00:00,CHF,647.65,invoiced
O0000821,C00027,2025-04-09T00:00:00,CHF,2286.99,shipped
O0000822,C00016,2025-02-03T00:00:00,CHF,497.58,invoiced
O0000823,C00091,2025-04-16T00:00:00,CHF,3499.55,open
O0000824,C00042,2025-01-28T00:00:00,CHF,784.2,released
O0000825,C00051,2025-02-15T00:00:00,CHF,2591.63,invoiced
O0000826,C00023,2025-02-03T00:00:00,CHF,203.86,shipped
O0000827,C00058,2025-04-20T00:00:00,CHF,2801.97,released
O0000828,C00060,2025-01-13T00:00:00,CHF,554.44,released
O0000829,C00002,2025-01-16T00:00:00,CHF,355.26,released
O0000830,C00026,2025-01-17T00:00:00,CHF,4127.18,invoiced
O0000831,C00081,2025-03-29T00:00:00,CHF,4691.0,open
O0000832,C00076,2025-03-16T00:00:00,CHF,1331.16,open
O0000833,C00009,2025-01-03T00:00:00,CHF,1028.86,shipped
O0000834,C00017,2025-04-14T00:00:00,CHF,505.29,invoiced
O0000835,C00006,2025-01-16T00:00:00,CHF,4714.29,open
O0000836,C00074,2025-01-22T00:00:00,CHF,2194.12,shipped
O0000837,C00004,2025-03-05T00:00:00,CHF,1944.51,shipped
O0000838,C00046,2025-01-23T00:00:00,CHF,1112.84,released
O0000839,C00036,2025-02-05T00:00:00,CHF,2257.76,released
O0000840,C00079,2025-01-05T00:00:00,CHF,3114.92,released
O0000841,C00038,2025-03-24T00:00:00,CHF,2519.51,shipped
O0000842,C00012,2025-01-08T00:00:00,CHF,1434.89,released
O0000843,C00026,2025-02-23T00:00:00,CHF,3231.13,released
O0000844,C00070,2025-03-22T00:00:00,CHF,3984.49,shipped
O0000845,C00092,2025-04-11T00:00:00,CHF,1827.6,shipped
O0000846,C00073,2025-02-14T00:00:00,CHF,2536.85,shipped
O0000847,C00024,2025-02-04T00:00:00,CHF,179.01,released
O0000848,C00100,2025-01-04T00:00:00,CHF,1440.62,shipped
O0000849,C00046,2025-03-09T00:00:00,CHF,3845.87,released
O0000850,C00013,2025-01-21T00:00:00,CHF,1276.89,released
O0000851,C00069,2025-02-04T00:00:00,CHF,4090.61,open
O0000852,C00029,2025-04-08T00:00:00,CHF,2899.68,shipped
O0000853,C00023,2025-02-15T00:00:00,CHF,921.7,invoiced
O0000854,C00095,2025-04-14T00:00:00,CHF,3503.25,open
O0000855,C00090,2025-04-01T00:00:00,CHF,1790.83,released
O0000856,C00025,2025-03-14T00:00:00,CHF,4191.65,shipped
O0000857,C00040,2025-03-11T00:00:00,CHF,919.01,open
O0000858,C00008,2025-01-12T00:00:00,CHF,1201.49,released
O0000859,C00068,2025-01-03T00:00:00,CHF,2416.05,invoiced
O0000860,C00079,2025-04-28T00:00:00,CHF,1047.25,released
O0000861,C00092,2025-02-13T00:00:00,CHF,928.43,invoiced
O0000862,C00003,2025-01-08T00:00:00,CHF,781.17,released
O0000863,C00015,2025-04-10T00:00:00,CHF,4240.08,invoiced
O0000864,C00048,2025-01-10T00:00:00,CHF,3537.46,shipped
O0000865,C00013,2025-03-17T00:00:00,CHF,1715.98,invoiced
O0000866,C00021,2025-01-18T00:00:00,CHF,3675.14,shipped
O0000867,C00082,2025-04-12T00:00:00,CHF,4805.28,invoiced
O0000868,C00091,2025-01-23T00:00:00,CHF,4845.28,invoiced
O0000869,C00086,2025-01-29T00:00:00,CHF,2965.3,released
O0000870,C00040,2025-02-18T00:00:00,CHF,3683.28,invoiced
O0000871,C00023,2025-01-17T00:00:00,CHF,3657.71,shipped
O0000872,C00099,2025-04-19T00:00:00,CHF,4827.66,open
O0000873,C00078,2025-01-24T00:00:00,CHF,1625.17,released
O0000874,C00073,2025-03-23T00:00:00,CHF,565.35,shipped
O0000875,C00043,2025-01-19T00:00:00,CHF,3739.45,released
O0000876,C00041,2025-02-14T00:00:00,CHF,881.04,open
O0000877,C00091,2025-04-16T00:00:00,CHF,3366.62,invoiced
O0000878,C00002,2025-02-27T00:00:00,CHF,1362.8,released
O0000879,C00009,2025-03-30T00:00:00,CHF,1784.88,open
O0000880,C00001,2025-04-03T00:00:00,CHF,288.33,shipped
O0000881,C00054,2025-04-04T00:00:00,CHF,4847.05,shipped
O0000882,C00049,2025-03-05T00:00:00,CHF,1788.59,shipped
O0000883,C00062,2025-01-13T00:00:00,CHF,3954.21,released
O0000884,C00058,2025-01-21T00:00:00,CHF,414.86,open
O0000885,C00003,2025-02-07T00:00:00,CHF,1627.65,open
O0000886,C00044,2025-01-10T00:00:00,CHF,892.02,shipped
O0000887,C00094,2025-01-21T00:00:00,CHF,421.26,open
O0000888,C00077,2025-02-13T00:00:00,CHF,4927.12,shipped
O0000889,C00004,2025-04-01T00:00:00,CHF,2185.05,released
O0000890,C00056,2025-03-19T00:00:00,CHF,827.66,open
O0000891,C00027,2025-02-12T00:00:00,CHF,4873.27,shipped
O0000892,C00071,2025-03-31T00:00:00,CHF,3624.09,invoiced
O0000893,C00037,2025-03-26T00:00:00,CHF,1522.13,open
O0000894,C00051,2025-01-07T00:00:00,CHF,2880.26,shipped
O0000895,C00007,2025-01-20T00:00:00,CHF,1836.1,shipped
O0000896,C00038,2025-01-12T00:00:00,CHF,4128.29,shipped
O0000897,C00013,2025-01-26T00:00:00,CHF,177.39,released
O0000898,C00038,2025-03-23T00:00:00,CHF,4886.44,shipped
O0000899,C00015,2025-04-19T00:00:00,CHF,1576.35,shipped
O0000900,C00063,2025-03-02T00:00:00,CHF,4479.64,invoiced
O0000901,C00083,2025-01-12T00:00:00,CHF,2743.42,released
O0000902,C00049,2025-02-17T00:00:00,CHF,1878.54,shipped
O0000903,C00034,2025-01-06T00:00:00,CHF,2226.72,invoiced
O0000904,C00035,2025-01-29T00:00:00,CHF,2843.02,released
O0000905,C00090,2025-04-07T00:00:00,CHF,3353.97,open
O0000906,C00045,2025-03-27T00:00:00,CHF,4050.49,shipped
O0000907,C00076,2025-04-07T00:00:00,CHF,1176.19,open
O0000908,C00050,2025-04-18T00:00:00,CHF,4101.11,shipped
O0000909,C00088,2025-03-10T00:00:00,CHF,4341.13,shipped
O0000910,C00031,2025-03-15T00:00:00,CHF,2407.5,open
O0000911,C00092,2025-02-20T00:00:00,CHF,221.91,released
O0000912,C00097,2025-01-16T00:00:00,CHF,2272.75,released
O0000913,C00025,2025-01-28T00:00:00,CHF,674.62,shipped
O0000914,C00088,2025-01-11T00:00:00,CHF,2205.2,released
O0000915,C00077,2025-04-17T00:00:00,CHF,1326.54,open
O0000916,C00050,2025-01-12T00:00:00,CHF,2804.0,invoiced
O0000917,C00036,2025-04-20T00:00:00,CHF,2622.46,open
O0000918,C00090,2025-04-11T00:00:00,CHF,3134.14,shipped
O0000919,C00054,2025-01-15T00:00:00,CHF,790.73,open
O0000920,C00014,2025-04-29T00:00:00,CHF,2835.28,open
O0000921,C00037,2025-04-11T00:00:00,CHF,4344.0,invoiced
O0000922,C00053,2025-04-23T00:00:00,CHF,1357.48,shipped
O0000923,C00078,2025-03-15T00:00:00,CHF,2391.58,released
O0000924,C00052,2025-02-05T00:00:00,CHF,762.07,shipped
O0000925,C00051,2025-01-05T00:00:00,CHF,4453.39,invoiced
O0000926,C00031,2025-03-30T00:00:00,CHF,293.99,shipped
O0000927,C00035,2025-04-28T00:00:00,CHF,4490.31,open
O0000928,C00039,2025-02-13T00:00:00,CHF,1589.2,shipped
O0000929,C00090,2025-04-20T00:00:00,CHF,3440.02,released
O0000930,C00039,2025-01-18T00:00:00,CHF,4872.39,shipped
O0000931,C00042,2025-04-10T00:00:00,CHF,1383.63,shipped
O0000932,C00083,2025-03-19T00:00:00,CHF,491.97,shipped
O0000933,C00053,2025-01-28T00:00:00,CHF,3717.68,invoiced
O0000934,C00008,2025-04-16T00:00:00,CHF,2600.59,released
O0000935,C00040,2025-01-09T00:00:00,CHF,3562.37,shipped
O0000936,C00100,2025-01-18T00:00:00,CHF,4263.91,open
O0000937,C00025,2025-01-23T00:00:00,CHF,4382.14,released
O0000938,C00008,2025-04-18T00:00:00,CHF,1284.98,shipped
O0000939,C00047,2025-01-07T00:00:00,CHF,3537.94,invoiced
O0000940,C00060,2025-02-17T00:00:00,CHF,2550.38,open
O0000941,C00004,2025-03-29T00:00:00,CHF,1247.59,shipped
O0000942,C00058,2025-03-18T00:00:00,CHF,929.04,shipped
O0000943,C00071,2025-03-17T00:00:00,CHF,1781.31,released
O0000944,C00034,2025-04-18T00:00:00,CHF,3757.36,open
O0000945,C00004,2025-02-06T00:00:00,CHF,1963.5,released
O0000946,C00074,2025-04-20T00:00:00,CHF,3910.16,released
O0000947,C00029,2025-04-20T00:00:00,CHF,3254.53,released
O0000948,C00084,2025-02-04T00:00:00,CHF,2077.06,open
O0000949,C00100,2025-04-21T00:00:00,CHF,4837.33,open
O0000950,C00017,2025-03-02T00:00:00,CHF,3254.49,open
O0000951,C00033,2025-01-29T00:00:00,CHF,3061.3,invoiced
O0000952,C00091,2025-04-02T00:00:00,CHF,3231.56,shipped
O0000953,C00049,2025-04-25T00:00:00,CHF,4265.35,shipped
O0000954,C00028,2025-02-02T00:00:00,CHF,2360.16,shipped
O0000955,C00014,2025-03-16T00:00:00,CHF,86.37,invoiced
O0000956,C00083,2025-03-13T00:00:00,CHF,2989.17,invoiced
O0000957,C00088,2025-02-08T00:00:00,CHF,585.12,open
O0000958,C00036,2025-02-13T00:00:00,CHF,3220.94,invoiced
O0000959,C00084,2025-02-03T00:00:00,CHF,3569.91,invoiced
O0000960,C00020,2025-01-25T00:00:00,CHF,2610.6,released
O0000961,C00008,2025-04-26T00:00:00,CHF,4036.88,shipped
O0000962,C00041,2025-03-26T00:00:00,CHF,3419.74,open
O0000963,C00064,2025-03-25T00:00:00,CHF,4987.47,invoiced
O0000964,C00054,2025-04-27T00:00:00,CHF,2052.76,open
O0000965,C00091,2025-03-16T00:00:00,CHF,4974.03,released
O0000966,C00093,2025-02-13T00:00:00,CHF,3581.18,shipped
O0000967,C00086,2025-04-27T00:00:00,CHF,1824.56,invoiced
O0000968,C00022,2025-04-19T00:00:00,CHF,4211.16,released
O0000969,C00013,2025-02-07T00:00:00,CHF,2380.37,invoiced
O0000970,C00072,2025-04-03T00:00:00,CHF,3826.45,released
O0000971,C00043,2025-03-29T00:00:00,CHF,3289.45,released
O0000972,C00029,2025-02-15T00:00:00,CHF,3733.84,invoiced
O0000973,C00043,2025-02-23T00:00:00,CHF,1889.83,invoiced
O0000974,C00016,2025-03-01T00:00:00,CHF,2379.16,open
O0000975,C00025,2025-03-02T00:00:00,CHF,2527.36,shipped
O0000976,C00039,2025-03-09T00:00:00,CHF,2094.88,released
O0000977,C00026,2025-01-18T00:00:00,CHF,1746.22,shipped
O0000978,C00041,2025-01-19T00:00:00,CHF,4318.85,released
O0000979,C00011,2025-04-10T00:00:00,CHF,2463.53,released
O0000980,C00082,2025-02-10T00:00:00,CHF,337.17,shipped
O0000981,C00027,2025-02-05T00:00:00,CHF,3817.91,released
O0000982,C00098,2025-03-15T00:00:00,CHF,834.25,open
O0000983,C00079,2025-01-17T00:00:00,CHF,2196.87,shipped
O0000984,C00055,2025-02-21T00:00:00,CHF,4828.37,shipped
O0000985,C00005,2025-01-01T00:00:00,CHF,2692.22,invoiced
O0000986,C00042,2025-01-02T00:00:00,CHF,3796.4,released
O0000987,C00087,2025-01-03T00:00:00,CHF,70.41,released
O0000988,C00089,2025-01-29T00:00:00,CHF,4391.08,invoiced
O0000989,C00014,2025-01-17T00:00:00,CHF,1948.57,invoiced
O0000990,C00009,2025-01-22T00:00:00,CHF,4128.03,invoiced
O0000991,C00059,2025-02-07T00:00:00,CHF,3652.77,invoiced
O0000992,C00088,2025-02-25T00:00:00,CHF,4977.59,invoiced
O0000993,C00063,2025-04-26T00:00:00,CHF,1828.29,released
O0000994,C00052,2025-01-22T00:00:00,CHF,144.67,released
O0000995,C00017,2025-04-04T00:00:00,CHF,1095.39,open
O0000996,C00065,2025-03-17T00:00:00,CHF,886.47,invoiced
O0000997,C00084,2025-04-02T00:00:00,CHF,3971.03,shipped
O0000998,C00082,2025-04-23T00:00:00,CHF,1316.16,open
O0000999,C00007,2025-03-18T00:00:00,CHF,3326.75,open
O0001000,C00089,2025-01-07T00:00:00,CHF,623.16,shipped
